mysql> SELECT * FROM Account;
+----+-------------------+----------+---------------------+---------------------+
| id | email             | password | createdOn           | modifiedOn          |
+----+-------------------+----------+---------------------+---------------------+
|  2 | someguy@gmail.com | 1234pass | 2015-09-22 15:26:02 | 2015-09-22 15:26:02 |
+----+-------------------+----------+---------------------+---------------------+
1 row in set (0.00 sec)

mysql> SELECT * FROM AddressBook;
+----+-----------+----------+---------------------+---------------------+
| id | accountId | name     | createdOn           | modifiedOn          |
+----+-----------+----------+---------------------+---------------------+
|  2 |         1 | Some Guy | 2015-09-22 15:26:38 | 2015-09-22 15:26:38 |
+----+-----------+----------+---------------------+---------------------+
1 row in set (0.00 sec)

mysql> SELECT * FROM Entry;
+----+---------------+-----------+----------+---------------------+-------+---------+-------------------+----------------+------------------+-----------------+-----------------+
| id | addressBookId | firstName | lastName | birthday            | type  | subtype | contentLineOne    | contentLineTwo | contentLineThree | contentLineFour | contentLineFive |
+----+---------------+-----------+----------+---------------------+-------+---------+-------------------+----------------+------------------+-----------------+-----------------+
|  4 |             1 | Cathe     | Ducharme | 0000-00-00 00:00:00 | home  | address | 123 someStreet    | Sherbrooke     | NULL             | NULL            | NULL            |
|  5 |             1 | Some      | Guy      | 0000-00-00 00:00:00 | other | email   | someguy@gmail.com | NULL           | NULL             | NULL            | NULL            |
|  6 |             1 | Some      | Gal      | 0000-00-00 00:00:00 | work  | phone   | 514-123-4567      | NULL           | NULL             | NULL            | NULL            |
+----+---------------+-----------+----------+---------------------+-------+---------+-------------------+----------------+------------------+-----------------+-----------------+
3 rows in set (0.00 sec)
