mysql> SELECT * FROM Account;
+----+-------------------+----------+---------------------+---------------------+
| id | email             | password | createdOn           | modifiedOn          |
+----+-------------------+----------+---------------------+---------------------+
|  1 | someguy@gmail.com | 1234pass | 2015-09-22 15:26:02 | 2015-09-22 15:26:02 |
+----+-------------------+----------+---------------------+---------------------+
1 row in set (0.00 sec)

mysql> UPDATE Account SET modifiedOn=CURDATE() WHERE id=1;
Query OK, 1 row affected (0.02 sec)
Rows matched: 1  Changed: 1  Warnings: 0

mysql> SELECT * FROM Account;
+----+-------------------+----------+---------------------+---------------------+
| id | email             | password | createdOn           | modifiedOn          |
+----+-------------------+----------+---------------------+---------------------+
|  1 | someguy@gmail.com | 1234pass | 2015-09-22 15:26:02 | 2015-09-22 00:00:00 |
+----+-------------------+----------+---------------------+---------------------+
1 row in set (0.00 sec)


mysql> SELECT * FROM AddressBook;
+----+-----------+----------+---------------------+---------------------+
| id | accountId | name     | createdOn           | modifiedOn          |
+----+-----------+----------+---------------------+---------------------+
|  1 |         1 | Some Guy | 2015-09-22 15:26:38 | 2015-09-22 15:26:38 |
+----+-----------+----------+---------------------+---------------------+
1 row in set (0.00 sec)

mysql> UPDATE AddressBook SET name="Some Gal" WHERE id=1;                                                                                                  
Query OK, 1 row affected (0.01 sec)
Rows matched: 1  Changed: 1  Warnings: 0

mysql> SELECT * FROM AddressBook;
+----+-----------+----------+---------------------+---------------------+
| id | accountId | name     | createdOn           | modifiedOn          |
+----+-----------+----------+---------------------+---------------------+
|  1 |         1 | Some Gal | 2015-09-22 15:26:38 | 2015-09-22 15:26:38 |
+----+-----------+----------+---------------------+---------------------+
1 row in set (0.00 sec)


mysql> SELECT * FROM Entry;
+----+---------------+-----------+----------+---------------------+-------+---------+-------------------+----------------+------------------+-----------------+-----------------+
| id | addressBookId | firstName | lastName | birthday            | type  | subtype | contentLineOne    | contentLineTwo | contentLineThree | contentLineFour | contentLineFive |
+----+---------------+-----------+----------+---------------------+-------+---------+-------------------+----------------+------------------+-----------------+-----------------+
|  1 |             1 | Cathe     | Ducharme | 0000-00-00 00:00:00 | home  | address | 123 someStreet    | Sherbrooke     | NULL             | NULL            | NULL            |
|  2 |             1 | Some      | Guy      | 0000-00-00 00:00:00 | other | email   | someguy@gmail.com | NULL           | NULL             | NULL            | NULL            |
|  3 |             1 | Some      | Gal      | 0000-00-00 00:00:00 | work  | phone   | 514-123-4567      | NULL           | NULL             | NULL            | NULL            |
+----+---------------+-----------+----------+---------------------+-------+---------+-------------------+----------------+------------------+-----------------+-----------------+
3 rows in set (0.00 sec)

mysql> UPDATE Entry SET type="work";
Query OK, 2 rows affected (0.01 sec)
Rows matched: 3  Changed: 2  Warnings: 0

mysql> SELECT * FROM Entry;
+----+---------------+-----------+----------+---------------------+------+---------+-------------------+----------------+------------------+-----------------+-----------------+
| id | addressBookId | firstName | lastName | birthday            | type | subtype | contentLineOne    | contentLineTwo | contentLineThree | contentLineFour | contentLineFive |
+----+---------------+-----------+----------+---------------------+------+---------+-------------------+----------------+------------------+-----------------+-----------------+
|  1 |             1 | Cathe     | Ducharme | 0000-00-00 00:00:00 | work | address | 123 someStreet    | Sherbrooke     | NULL             | NULL            | NULL            |
|  2 |             1 | Some      | Guy      | 0000-00-00 00:00:00 | work | email   | someguy@gmail.com | NULL           | NULL             | NULL            | NULL            |
|  3 |             1 | Some      | Gal      | 0000-00-00 00:00:00 | work | phone   | 514-123-4567      | NULL           | NULL             | NULL            | NULL            |
+----+---------------+-----------+----------+---------------------+------+---------+-------------------+----------------+------------------+-----------------+-----------------+
3 rows in set (0.00 sec)
